,Title,Copies_Sold_approx,Publishing_Date
4,Harry Potter and the Deathly Hollows II,65000000,2007-07
5,Harry Potter and the Deathly Hollows I,65000000,2007-07
6,Harry Potter and the Half-Blood Prince,65000000,2005-07
7,Harry Potter and the Order of Phoenix,65000000,2003-06
8,Harry Potter and the Goblet of Fire,65000000,2000-07
9,Harry Potter and the Prisoner of Askaban,65000000,1999-07
10,Harry Potter and the Chamber of Secrets,77000000,1998-07
11,Harry Potter and the Sorcerers Stone,120000000,1997-06
